GEOID,INTPTLAT,INTPTLONG
01001,32.536382,-86.644490
01003,30.659218,-87.746067
...
