GEOID,INTPTLAT,INTPTLONG
01001,32.536382,-86.644490
01003,30.659218,-87.746067
01005,31.870670,-85.405320
01007,33.014330,-87.127160
01009,34.018400,-86.567900
01011,31.409870,-87.062440
01013,34.220860,-87.618640
01015,32.924180,-85.389020
01017,32.842960,-86.717540
01019,34.763400,-86.952670
02016,61.177610,-149.274300
02020,70.170370,-143.602650
02050,64.835490,-147.653350
02060,55.489290,-131.343660
02068,59.779970,-151.721000
02070,55.346520,-131.655270
